"","2024","2025","2026","2027","2028","2029","2030","2031","2032","2033","2034","2035","2036","2037","2038","2039","2040","2041","2042","2043","2044","2045","2046","2047","2048","2049","2050"
"Products.of.agric...hunting.and.related.services",5447.91940755963,5095.76377895293,5040.7487156007,4981.93800621109,4897.66359092746,4948.74895141553,4762.66197270287,4792.21185214715,4746.30054009233,4694.73616006072,4673.25000066709,4566.11228961758,4446.15324651267,4468.84116324644,4314.70365721904,4045.31514792673,4064.66678964704,3876.14663320727,3692.5611785401,3422.38443722206,3323.46754364341,2982.99273811155,2730.70932477207,2429.35485526855,2088.89959108943,1605.75990020181,1230.32332935481
"Products.of.forestry..logging.and.related.services",763.467374080942,713.290951595184,705.682730728072,697.012557990137,684.905641944381,692.901542722418,666.032783502843,670.506073120082,663.746747872445,656.583275986442,653.321582357758,638.626366168069,621.411824699585,624.818404342583,603.199338246291,564.129121084563,567.428552668127,540.705597044737,514.119212710523,475.931764858369,461.763260344232,413.459109278686,377.690203751314,335.252345559677,286.444952367979,218.13535541643,165.198987013114
"Fish.aquaculture.prod..support.services.to.fishing",51.0928380994901,47.798974804076,47.2819387006776,46.7349535476814,45.9477556064568,46.4179377973521,44.6811627070297,44.954753812228,44.5276455113722,44.0433850881365,43.8445498502211,42.8363690337022,41.715644075378,41.9260006000425,40.4806309587506,37.968242336727,38.1434694886398,36.3786877953783,34.6660996367908,32.1357346682287,31.2113158431934,28.0244924337263,25.6628870416167,22.8388583751086,19.6576100159679,15.1329495410924,11.6153918971856
"Coal",492.98797177733,460.393206357482,455.504359442902,449.8047718565,441.917070281757,447.277580230499,429.741332422264,432.708186981557,428.266802138384,423.655981733594,421.490716896656,412.076922826783,400.865921200945,403.119192970088,389.154949885641,363.615496587359,365.884583930537,348.557299369272,331.187304665648,306.452140794469,297.230960549625,265.900667979612,242.706215687108,215.254490260814,183.479901410079,139.228697574775,104.970324121201
"Crude.petroleum.and.natural.gas",88.3760739600653,82.5742323192647,81.6927477069368,80.6924378685837,79.2932842408964,80.2123824142099,77.1082767402244,77.6235166501468,76.8436010014414,76.0138993459669,75.6382779837615,73.9347469344386,71.9451807105547,72.337755619564,69.8353569374657,65.3229407691568,65.7003232908306,62.6093277156236,59.5384364254901,55.1205189907046,53.4827980575221,47.8958620502816,43.7585948077769,38.8477464937277,33.2064732153948,25.303879731744,19.1786670969524
"Metal.ores..other.mining.and.quarr..prod..services",4196.15542778298,3901.31742582744,3861.84557551483,3804.30097010157,3730.90825585629,3794.17396690774,3628.24540615502,3660.50022608734,3615.8389214769,3577.9151466772,3554.20215328797,3480.79845635681,3376.86758325312,3400.83375545978,3281.58780586414,3036.4169021901,3068.11406962362,2914.2246014562,2748.27389709164,2530.88410317713,2445.93884669314,2166.82388978047,1960.67187992833,1722.6639230973,1429.10223897404,1039.74526372625,741.341517506816
"Food.products..beverages..tobacco.products",15189.8052909678,14209.2855816267,14055.7267336125,13892.4549704435,13657.9694729259,13799.0312274811,13281.4842481787,13363.3294775468,13235.8543194877,13091.9803484752,13032.4843918954,12733.2410607452,12399.435556813,12462.3208548462,12032.5871483593,11283.6462443937,11336.6378045716,10811.5076169823,10301.0472770598,9548.27825090374,9272.98258248488,8324.64487223004,7621.91186691404,6782.018545897,5834.56588579459,4488.47264187728,3442.21630470544
"Textiles.wearing.apparel.leather.leather.products",1955.38997392445,1828.80939462043,1809.08571825083,1787.88194255235,1757.56789002472,1776.08956942652,1709.12280220479,1719.80276675566,1703.25180881605,1684.75804039217,1676.99045725944,1638.60700692226,1595.46115069271,1603.65484683058,1548.32709306996,1451.34417340753,1458.42046386855,1390.6885132744,1324.60445536079,1227.55927295109,1191.9875477486,1069.65177819582,979.009168419845,870.799940810145,748.358778267222,574.814356730526,439.989346507858
"Wood.cork.exc.furn..art.of.straw.and.plaiting.mat.",5344.23552466329,4991.38220026102,4938.32436687745,4876.79240385121,4791.46198491869,4849.0757203932,4659.44350114313,4691.40844789088,4643.4547941396,4593.43396021816,4570.11022477074,4467.8706071869,4346.57737468642,4370.86911840249,4219.50065334421,3943.42297937487,3967.67218953142,3780.01620923018,3592.2267420645,3324.27824173324,3224.49795024929,2885.21241684326,2634.01885085776,2336.55092355833,1992.74941964378,1513.40218175647,1142.21608423515
"Paper.and.paper.products",2280.99641631493,2130.69096614193,2108.00853931714,2081.90017153689,2045.58682985752,2069.87573679998,1989.22281485343,2002.74624409386,1982.39613999597,1961.02393525144,1951.15932059436,1907.40707407201,1855.78276408755,1866.06901407028,1801.46939155366,1684.1103873739,1694.24865461171,1614.26385940946,1534.42201414201,1420.17485591295,1377.69756044978,1233.09826299543,1126.03441810805,999.14514348245,852.800639615103,648.425497867718,490.114290178217
"Printing.services..rec..sound.image.data.carriers",3227.37593566495,3019.42801821567,2986.75428334644,2952.26271807139,2902.57927710111,2932.1624583018,2822.56609447348,2839.80164277355,2812.8679350178,2782.26995584345,2769.74512417382,2706.01696322728,2635.28055968354,2648.53643815043,2557.23948644425,2398.72364880675,2409.71022620308,2298.2768484277,2190.2178124155,2030.42787435361,1972.07795611066,1770.85857921122,1621.74108032766,1443.38473971634,1242.58812337486,956.863476619351,734.71534763149
"Coke.and.refined.petroleum.products",469.793003113991,438.725874733157,434.067777431408,428.633271742592,421.114549875497,426.228868998912,409.512009748181,412.341664166303,408.1069049978,403.713473814027,401.648281168365,392.679698559373,381.993268789013,384.142158413547,370.834797689024,346.487486207881,348.654039845341,332.139813950215,315.580895121814,292.007176404701,283.217646650044,253.357190847392,231.251053244047,205.089441259057,174.801953361027,132.628422258922,99.9795739459325
"Chemicals.and.chemical.products",16174.2734065406,15030.193151393,14878.9835858346,14653.223774677,14367.5914422784,14619.169361054,13972.298545466,14099.6897094353,13924.5402914736,13778.9397879204,13685.2255637972,13405.2293226063,13000.9012679417,13095.374411177,12635.5662031605,11678.3861979892,11805.9823931382,11210.005982434,10562.4209917531,9721.48416585106,9391.2334757879,8309.92863634272,7511.4874612539,6592.17268215286,5450.51609827323,3944.16311782146,2790.97379228107
"Pharmaceutical.products",282.294603096461,264.109548040308,261.251137739448,258.23622367265,253.891873730572,256.475531697699,246.893001343392,248.399006943839,246.04468299234,243.368019597024,242.273669986896,236.697941824177,230.512618848314,231.671023177087,223.68547765696,209.826509459334,210.784721199686,201.039213816654,191.591473202997,177.616376949874,172.514026186338,154.916398486155,141.875227154266,126.275590187712,108.717327027282,83.7281862486822,64.2986857740451
"Rubber.and.plastics.products",54402.4821640105,50609.2006638043,50093.8571702254,49362.9792197161,48421.9669698761,49212.5526282283,47089.3241324717,47495.7351295834,46928.2336284642,46434.3361030752,46135.7796053186,45172.8127760349,43839.6617746554,44142.3341299317,42596.9795714412,39465.0780783884,39855.2148922489,37870.8273192298,35749.7271894364,32942.8190369737,31852.3700874849,28254.5990167124,25596.540217277,22518.1120400012,18750.9653550977,13724.3668186178,9867.05089213685
"Glass.and.glassware",30134.9814588391,27987.1302605224,27707.4060164622,27278.3410439055,26740.3202559786,27225.5336200546,26004.7427550117,26248.6356915696,25915.8971381737,25645.8583845177,25466.3171803184,24950.9289545425,24189.6566941209,24370.1483250606,23513.0984076488,21703.7613073384,21953.0665986769,20836.6902067988,19613.2252803478,18040.0349719571,17418.6946187661,15392.4395669216,13896.6709003775,12179.792190048,10031.1241342164,7212.69750601016,5057.77783780222
"Ceramic.products..processed.stone.and.clay",40529.9535390299,37678.7211805456,37297.8926570462,36740.292620052,36030.1675672945,36644.729316106,35038.7570008385,35351.6858236727,34918.953401362,34552.9155964561,34322.8308387966,33615.166899074,32609.6336399351,32842.0657174719,31690.2128081123,29316.6522682136,29625.2592929494,28137.6000670326,26531.1295826837,24430.0430966037,23608.2939628895,20909.9089764374,18916.9952135984,16617.2567509825,13777.2237190201,10013.977681815,7130.39998417343
"Pig.iron.steel.products.of.the.first.proc.of.steel",1242.86985716229,1170.93661438224,1157.35167281072,1148.29769232311,1132.09329708775,1135.22692445099,1100.82439581507,1104.18337348562,1097.02207370948,1084.61970477593,1082.26997755402,1054.58000347175,1031.32217816194,1034.18562996267,999.208071462049,951.173971167203,949.606691421986,909.69251264388,876.554963442075,818.227781795809,798.780675039896,727.116089026681,673.777400348094,607.127659801481,540.619514877545,436.535071563281,354.172747578975
"Non.ferrous.metals.and.semi.finished.products",286.481421234659,270.156355841257,266.993595650659,265.039280257627,261.396023598216,261.859302505439,254.174253746621,254.845676221665,253.295700553467,250.417541282549,249.95350848583,243.472237975686,238.236225985515,238.825954578372,230.76930960454,220.105503429558,219.562397318007,210.456240586308,203.083875052828,189.740084031211,185.352354778122,169.016374306347,156.849983089564,141.551067063878,126.560259719998,102.755371753075,83.870827749811
"Foundry.products",1355.56016854944,1295.26938417502,1278.21843383126,1277.7709655449,1266.62664231029,1251.63244941891,1231.50682756673,1227.86153590455,1227.20918433746,1212.30230018891,1215.25405026039,1178.03522791876,1161.54792204781,1159.67412114633,1121.92891493839,1098.54488326148,1083.90926273822,1047.06203305719,1029.81632182834,973.353013158021,958.883235195847,893.707781787691,844.643771967973,776.489190714263,728.070218023746,627.810329130488,545.086120505944
"Metal.products",22525.4372514006,21131.2654229023,20896.1839328532,20685.1364479609,20358.9315439242,20507.4296775635,19797.281767039,19894.5623359629,19729.1194429923,19511.2156806674,19441.1634378206,18974.2737366487,18508.5297423915,18585.3143328109,17949.379556219,16934.3546681001,16970.3319436046,16213.637200535,15518.9431479021,14426.2129997508,14040.1857797156,12676.6717182687,11664.596877424,10434.0511353426,9108.54288391472,7156.09082860887,5627.98588739394
"Computer..electronic.and.optical.products",1279.69373342962,1200.380168408,1187.03837396337,1174.99186996995,1156.42057471766,1164.9675965781,1124.51876793291,1130.08931760436,1120.64729992058,1108.27625460397,1104.26336150462,1077.78105889523,1051.26827411001,1055.66052701392,1019.52997765548,961.69097734938,963.812592743009,920.783776272897,881.20387855048,819.081734029312,797.1106001135,719.569861686269,662.018055910981,592.08217809201,516.633664364592,405.633087656571,318.777123735379
"Electrical.equipment",13373.231808931,12771.1858393671,12603.8619570501,12595.6850722567,12483.1353478298,12342.5586972362,12137.0674224709,12104.0218098367,12094.729262111,11948.2166589403,11975.1362499247,11610.7561546439,11444.5575656251,11428.0658571887,11055.5307029006,10813.2606016511,10674.0321382494,10307.8487725473,10130.1704255216,9570.27916900248,9424.83796976593,8776.66883409839,8288.99348335853,7614.80565105626,7127.50411209224,6133.1009805775,5314.1522863643
"Machinery",19703.908379334,19299.4197283118,18993.5323120772,19231.931411951,19239.5585902523,18543.3080536549,18702.6826269827,18459.8292977673,18636.302332895,18383.7722595996,18569.9326738247,17846.6166826322,17837.6274001867,17680.5829037029,17142.4213603442,17556.0118093391,17007.4796220734,16645.5679914137,16885.7765936972,16250.8496288949,16215.627617299,15605.6327414208,15129.136626855,14256.3610483485,14179.1293760106,13066.3020480344,12048.4485149163
"Motor.vehicles..trailers.and.semi.trailers",2930.89249562358,2749.66018020083,2719.05168474013,2691.67954538069,2649.29659072243,2668.44602166638,2576.208139287,2588.79735482106,2567.33780333229,2538.97238193698,2529.90917607933,2469.09421715199,2408.57716377952,2418.5211938017,2335.78045495685,2203.98225365993,2208.54241407531,2110.14783158226,2019.93476982953,1877.8213784176,1827.65663370811,1650.36487376964,1518.76426603641,1358.6945545552,1186.45213485082,932.533406337616,733.77088059
"Other.transport.equipment",391.884357714434,366.82324146995,362.832586699441,358.742523790983,352.777635834148,356.178227821608,343.051461689328,345.068252311453,341.872295557166,338.142576941029,336.67911849659,328.86790820631,320.371110641428,321.928721800736,310.847183174839,291.901141492688,293.100709859278,279.639460827255,266.714972485405,247.386876990983,240.371859357046,216.073890798137,198.062072206099,176.452354120817,152.321535903337,117.765368842881,90.8649416694335
"Furniture.and.other.manufactured.goods.n.e.c.",3511.89042325139,3285.63929920978,3250.08161966232,3212.56432933928,3158.51130829602,3190.67327567032,3071.44282647461,3090.18622414329,3060.88947174683,3027.59189271283,3013.97165007094,2944.61431356868,2867.65609497891,2882.07265102331,2782.72791009556,2610.28380273022,2622.21844289372,2500.97206871966,2383.41684946654,2209.5517039505,2146.06853314589,1927.13091290391,1764.88215498769,1570.8097149779,1352.3497595057,1041.45760767279,799.736911503315
"Repair.maintenance.install..of.machinery.a..equip.",5100.27285527431,4782.68031690834,4729.68869574792,4680.90613016213,4606.35566591537,4641.92540978023,4479.29272474846,4502.09190145602,4463.87513646511,4414.68263738923,4398.23825540849,4293.26569140584,4186.87197107016,4204.78598835414,4060.75316634109,3827.86214469528,3837.37468965913,3665.33494752109,3506.04277423812,3257.86764394967,3169.7497085425,2859.64613573657,2629.52616817549,2350.42278867993,2047.74774932005,1604.26611782398,1257.51711854894
"Electric.current.supply.of.electr..steam.air.cond.",4366.84541468442,4079.52303324311,4036.0459320201,3986.28569304712,3916.92007683671,3962.9846924475,3808.99018075593,3834.70730581449,3795.91731865928,3754.96875942467,3736.21382772795,3652.28660965748,3553.66451046834,3573.23887576737,3449.57590316473,3225.58396388808,3244.68760135926,3091.7190296522,2939.31274124259,2720.76173600817,2639.60055430329,2363.07991376945,2158.32726929177,1915.51182098468,1635.91321060794,1244.96141716764,942.051051145086
"Manufact..gases.distrib..services.of.gaseous.fuels",2107.26278560655,1966.61220475009,1945.87797191029,1920.82747039805,1886.63537161285,1910.8919621056,1834.66463967266,1847.87958993576,1828.37278736247,1808.76464735038,1799.1069725486,1759.37999771486,1710.81110625767,1720.80719923437,1661.08799173427,1549.80425382515,1560.44643739517,1485.89368798738,1410.26755966688,1304.01601724564,1264.10858921097,1129.24069965112,1029.43200136969,911.75930831236,774.180113375668,584.062107149367,437.107274363744
"Natural.water..water.treatment.and.supply.services",1203.13834282338,1124.83161524112,1112.74774305175,1099.4819007632,1080.67798229191,1092.50254676439,1050.89367361687,1057.63500237648,1047.28479322973,1035.93780308746,1031.03018216544,1007.57636041709,980.82245387702,985.98021778749,951.928029796208,891.580367307225,896.235051955874,854.404508109575,813.303861534577,753.426232766028,731.382388935253,655.807907821893,599.824180331771,533.138198954587,457.239905449114,350.150689037969,267.02846727215
"Sewage..waste.disposal..material.recovery.services",7715.6186535427,7197.10770282851,7121.62437097187,7028.07285458914,6901.61266205745,6994.00189547928,6711.5221260237,6761.32708610879,6688.51411555676,6616.988027626,6580.55623203857,6436.46101975604,6256.90473810225,6294.47511766415,6075.73835645771,5662.64737266623,5704.12306443104,5429.8543115857,5149.28446933275,4758.86188409636,4611.43432608,4115.10174054885,3747.88895608658,3316.15609748633,2807.73456262193,2109.05354571908,1569.60728876032
"Building.construction.works",1248.68840423056,1166.43672106216,1154.01594071461,1139.7390799154,1119.87088112943,1133.13677675718,1089.01377711428,1096.4047729505,1085.2763926075,1073.57428871464,1068.18325899944,1044.22025108145,1015.97425845683,1021.5969649922,986.233792998663,922.03604076742,927.564555316918,883.789504553111,840.113007485685,777.582448606224,754.340260961575,675.20369602472,616.608762135005,547.153169765478,467.079731034301,355.220466205539,268.567798430112
"Civil.engineering.works",1687.16397676086,1577.14435447215,1560.22492728277,1541.51326570731,1515.06903438932,1531.86340731883,1473.31415978189,1482.851998175,1468.25515742711,1452.35919045044,1445.41349896346,1412.60524241959,1374.98556774227,1382.27605382288,1334.51991803333,1249.55907105417,1256.23571404722,1197.49937713678,1139.64548131322,1055.59628139879,1024.60625314754,918.477896878421,839.866493572613,746.300130274099,639.589051365001,489.26432445032,372.619709674489
"Specialised.construction.works",377895.409848878,352803.07104757,349068.746191685,344644.18418529,338559.434217344,342777.062790664,329232.224244288,331549.540974245,328102.824495501,324576.580513082,322884.29637299,315709.626611179,307063.573181022,308820.265572031,298113.722085875,278365.638456347,280181.215086768,266859.715649824,253433.469711614,234430.777735699,227322.61600919,203230.081092279,185396.857783539,164327.226380937,139828.469657466,105829.907464501,79527.5607435884
"Wholesale.ret.trade.repair.of.motor.veh..motorcyc.",14811.2532340987,13864.8103478224,13713.8925735231,13559.6933795438,13334.5170290981,13462.2911995508,12966.875240106,13042.8016156684,12922.3025625299,12781.2817070819,12726.1953049812,12430.6846436837,12109.910734246,12168.5767502593,11749.7669219694,11034.8852439535,11079.6955911629,10571.2009704826,10083.4912898176,9353.27847394163,9088.421133642,8170.61017354058,7490.22588089625,6673.67259727658,5762.63319732127,4457.12525967592,3440.71458139369
"Wholesale.trade.serv..exc..motor.veh..a..motorcyc.",54057.917930558,50539.2523923017,49996.3498959708,49400.1576821007,48555.1809612476,49086.7563853021,47216.9653225341,47519.9729681319,47054.8179521062,46545.0107262606,46324.4211062974,45270.733188385,44068.5206185287,44300.341233742,42770.3442773545,40058.4231219374,40267.7643703685,38388.181456622,36541.2018690266,33850.7424314555,32860.190094142,29464.3676692664,26948.8334507844,23952.5105689373,20541.9644029237,15730.1567156993,11995.3008207202
"Retail.trade.serv..exc..motor.veh..and.motorcycles",93698.8107829491,87637.1840588378,86691.5821345949,85677.5535917139,84226.3562106682,85109.9396222798,81904.736231787,82414.9361113543,81623.3764267634,80736.8924285878,80365.8644763611,78525.0949798563,76459.5235795679,76851.0809523093,74199.959821391,69558.9216281693,69895.2370018308,66651.0740150768,63488.489729355,58839.7886683858,57136.6982005304,51277.366519301,46935.8847271545,41751.6627129336,35889.6645808574,27576.5642144146,21117.5110207836
"Land.transp.serv..a..transport.serv..via.pipelines",25418.9535388331,23753.1279320037,23499.2345137015,23213.0357111399,22811.6553523333,23073.0540410555,22183.034869928,22330.056600006,22106.8839911963,21868.0216106233,21760.8693825112,21269.7691430494,20698.9499128082,20811.0614337223,20091.3798852186,18798.161826028,18904.6311956453,18016.6640429359,17136.4388313872,15866.8938526128,15396.9300564248,13792.0852619261,12603.5759069541,11191.8333773882,9573.1464667275,7302.31043411232,5541.70135884138
"Water.transport.services",76.9342004338814,71.936359753244,71.1624988029482,70.3191252611499,69.120113654538,69.8666502884163,67.215039393445,67.6423079142604,66.9841926341442,66.2578958202493,65.9469493734745,64.4435522803516,62.7374046446843,63.0646157349376,60.8873722695262,57.0435576387011,57.3344735896674,54.6631151275558,52.0447832059586,48.2196538077863,46.8135764015019,41.9877539885458,38.4126376321874,34.1507906287432,29.3100548170459,22.4691782989061,17.1576584943063
"Air.transport.services",919.743539167011,862.7590091913,853.167532494403,844.51974832899,831.179289776462,837.302105790626,808.249662230565,812.245352459759,805.466990031656,796.574144918753,793.696016025874,774.654946155433,755.609334594004,758.76068305423,732.793317539844,691.254863685984,692.765593837448,661.84715738529,633.420872120884,588.780157729793,572.996392456605,517.280375137559,475.926601440066,425.667132413092,371.467003397917,291.702977586682,229.285481916723
"Warehousing.and.other.services.for.transportation",17830.5504534335,16678.5212748398,16498.3949398243,16306.1953888177,16030.5685384318,16197.2143809726,15588.6899277647,15685.184924061,15535.1359160615,15366.3289664924,15296.172011804,14945.3095245309,14552.9605425236,14627.0662588259,14122.600162024,13241.7853042822,13304.7339876675,12687.9248935808,12087.6326774827,11203.5829042747,10880.0388722474,9766.08476182463,8940.65695408279,7954.48691404869,6840.93048892273,5260.05527555332,4031.49814903601
"Postal.and.courier.services",16363.840626509,15331.1251851431,15162.7960653304,14999.1478795244,14755.0181143978,14883.0718415001,14348.1148165346,14426.7942754258,14298.7625699612,14141.976286699,14085.0433147502,13753.5569007247,13405.4824053599,13466.7389291843,13004.315002793,12235.1556802955,12275.4562417566,11718.4209747179,11193.0466174752,10391.3837980304,10103.5639725671,9098.7938638776,8353.57782542583,7454.66194740878,6465.30262398291,5032.39107313684,3914.49661926413
"Accommodation.and.food.services",44369.2464114456,41512.7607063815,41063.2821363343,40590.3121563856,39908.114945383,40312.450126629,38807.9808787921,39043.9914330067,38674.6333768371,38253.8016951953,38082.3222746857,37205.2991384093,36233.9726931959,36415.5689526918,35160.4906930563,32984.9803589654,33134.3590410928,31603.2575785051,30120.1161048755,27924.2793913298,27122.964548654,24358.3154616341,22309.4529350358,19858.0332694359,17100.6278633363,13174.254479357,10121.1252483651
"Publishing.services",2921.44897601156,2732.42696684154,2702.94706181307,2671.31719962435,2626.06087999773,2653.63626600831,2553.67618478429,2569.5941063312,2544.90383881478,2517.26597352054,2505.68984859359,2448.30614032612,2383.89084333586,2396.10632684142,2313.44606158354,2168.70147696251,2179.20576325048,2078.04608454459,1979.41271137821,1834.46007500007,1781.34964539602,1598.64233717428,1463.26576885473,1301.61973881423,1118.81356690705,859.599456298874,658.201650717672
"Audio.visual.media..music.publishing..broadcasting",1414.25555258305,1322.72269883484,1308.45515765745,1293.12856592319,1271.21002986807,1284.5879498488,1236.17063368351,1243.88785215193,1231.92423061977,1218.54707127555,1212.93450094154,1185.1663941813,1153.96943302688,1159.89070197783,1119.87474142079,1049.75933440449,1054.86464556102,1005.88339045823,958.105975234721,887.924086892916,862.20309332919,773.735259096067,708.186018408323,629.927055780458,541.393921821968,415.889182548827,318.382606432497
"Telecommunication.services",2673.84136814694,2501.25098573243,2474.21909197152,2445.48335768273,2404.21049476836,2429.03207648374,2337.93778290209,2352.34118584687,2329.90553048669,2304.57888584999,2294.10868638558,2241.42972053269,2182.67487919575,2193.74196234576,2118.09671008267,1986.27633393776,1995.59781623265,1903.16323169653,1813.31715032953,1680.81183804382,1632.35532172275,1465.42726964,1341.7307247618,1193.8877128489,1027.12109783902,790.176803725719,606.009284041781
"Computer.programming..consultancy..inform.services",12284.6204211777,11499.1016171226,11373.9937079181,11245.8249164347,11058.871176579,11165.3841127234,10753.9744805923,10817.1612843226,10717.0097792238,10600.0856355986,10554.2359365344,10309.3402203145,10043.0284269837,10091.8320400156,9744.45470166073,9150.68002171017,9188.22224969004,8766.27658592191,8361.21498682084,7755.36018415674,7535.48843809912,6773.86789390048,6209.28445788905,5531.8939416604,4775.56596408418,3692.37717851941,2849.14799486189
"Financial.services",16146.9328551172,15100.4079682781,14937.6924425665,14761.9417879983,14511.1636627923,14665.392839998,14111.1917278328,14199.8927004462,14062.7215953259,13910.1026688333,13845.5762202984,13529.1082537423,13172.2057139471,13240.2147689982,12783.3092029096,11980.4357881626,12039.7704798316,11479.9973985656,10932.9808068443,10131.1166984408,9836.90780554124,8825.79604284275,8076.66562612445,7182.79494050618,6170.03678962684,4736.0425576616,3622.20896404672
"Insurance.and.pension.funding.services",3971.84174578079,3713.47194940342,3673.56314840056,3629.84167037756,3567.81551614558,3606.71021167571,3469.48275333746,3491.681502827,3457.56784031957,3420.09820011325,3403.93921273024,3326.45891609264,3238.20597908331,3255.1947102734,3142.78354531148,2943.78383093173,2959.05107142525,2821.00982740857,2685.47163012937,2487.85629861179,2415.13600868776,2165.74635750164,1981.00070155798,1760.88938790301,1510.51598791567,1157.09091163289,882.739372883886
"Services.related.to.financial.a.insurance.services",4881.31628642868,4564.45176933299,4515.32259437591,4461.93588956734,4385.94668508285,4433.07148877395,4265.06033553184,4292.07381305105,4250.41161080554,4204.31148280717,4184.65487518931,4089.17541318193,3981.04028536645,4001.73563808727,3863.59932598862,3620.09751683244,3638.38605327709,3468.98153219484,3303.10153127578,3060.49874017052,2971.37440797265,2665.35620860918,2438.64190778646,2168.29601112538,1861.47754960301,1427.61192920577,1090.70012380187
"Real.estate.services",13726.0053290237,12838.154823567,12699.6179818028,12551.1352778641,12338.5920157113,12467.9056249038,11998.4894621154,12073.1801181324,11957.2718573806,11827.4009565567,11773.0856934443,11503.3831199103,11200.855489729,11258.1815846133,10869.819668084,10190.1446955668,10239.3253135846,9764.13029428242,9300.96746906712,8620.02378963532,8370.58194345675,7512.33115043472,6876.40533971473,6116.99533051045,5258.42838936901,4040.7251179871,3094.58135801675
"Legal..accounting..management.consultancy.services",27292.244034694,25542.72254955,25265.3124125496,24978.2989643529,24561.3819830559,24802.4430625371,23884.2494912712,24026.385846982,23802.1627012644,23542.7287677696,23439.5408440814,22897.152880056,22303.3644688653,22412.9905594586,21641.1393379614,20315.0022839318,20401.5153562836,19462.4886792445,18558.0376707406,17210.3153910793,16720.2150251353,15025.0318745443,13768.5297632374,12262.5078266088,10576.4070840902,8166.74270600307,6291.6665487124
"Architectural.a..engineering.serv...techn..testing",15253.7182467031,14254.0459567477,14101.689322193,13929.9315981478,13689.0580065261,13845.9448350935,13311.828992413,13400.0649244031,13266.1316286685,13122.7939142688,13058.4856523874,12763.7891344078,12421.2335830819,12488.5172180012,12056.6413485206,11280.5541483367,11344.4620874516,10811.5913085902,10283.3508317223,9521.49754325163,9239.46728954798,8276.39572074809,7563.16878747637,6715.98717886062,5744.59486066371,4381.866728494,3325.32971712569
"Scientific.research.and.development.services",0,0,0,0,0,0,0,0,0,0,0,0,0,0,0,0,0,0,0,0,0,0,0,0,0,0,0
"Advertising.and.market.research.services",3839.14271628748,3586.71373446212,3548.46931869139,3504.81178439545,3443.89052332909,3484.2137025343,3348.99355321913,3371.53353506302,3337.49902512527,3301.48570737192,3285.04954688623,3211.19769672057,3124.5777105345,3141.73919765789,3033.02386381007,2836.37523277344,2853.04757464798,2718.62767744107,2584.81807282149,2392.74534946012,2321.45594076785,2078.47421489938,1898.55101601873,1685.12121260405,1439.53918849947,1095.95712419954,829.718836610948
"Other.prof..scientific.techn..veterinary.services",3157.29764603098,2953.95541888927,2921.98003617534,2888.28431289362,2839.71216744066,2868.56138709908,2761.43131387766,2778.25625250169,2751.94298831454,2722.00253901954,2709.77710311009,2647.39780042295,2578.24152156956,2591.18470587403,2501.87215794443,2346.94259039823,2357.62629931224,2248.64581622548,2143.02715354623,1986.74243075108,1929.69304045325,1732.90749287175,1587.07321477922,1412.612229386,1216.29564788512,936.841120677002,719.552002965022
"Rental.and.leasing.services",4359.37917651364,4071.66952700174,4028.37481997202,3978.24370735616,3908.68090337353,3955.55724126415,3800.98466854758,3827.01131013974,3787.94143990897,3747.12963545822,3728.14006372156,3644.69577194773,3545.81285129048,3565.59542001757,3442.12435387008,3217.11256422708,3236.80870801853,3083.7783138574,2930.71869101738,2712.19543513956,2630.84701518371,2354.17105354013,2149.32784494049,1906.70806205062,1626.42097675648,1235.49621556521,932.760081956704
"Employment.services",25376.3389570076,23775.7063124908,23514.5632357638,23261.2299640037,22882.9524408413,23080.6629965013,22251.8963611294,22373.563859894,22175.3559119576,21932.1533183313,21844.1245847724,21329.7382474875,20790.3787113697,20885.136672702,20168.0486427378,18976.63950674,19038.5253393088,18175.0148443386,17361.179457452,16118.3331250656,15672.3129177935,14114.7721347994,12959.5535436266,11565.7678867629,10032.6513044835,7811.18020564041,6077.93328385117
"Travel.agency..tour.operator.other.reserv.services",2400.88380865622,2246.41175966693,2222.07795676409,2196.53495647168,2159.65497225455,2181.43631158414,2100.11973721233,2112.85177757985,2092.90331194511,2070.12417201362,2060.87447139627,2013.38020013518,1960.86750178149,1970.66738928504,1902.75544256734,1785.18954613141,1793.20396682183,1710.389383399,1630.2348560969,1511.45296913393,1468.12848080471,1318.59833529571,1207.77983839647,1075.15410156547,926.075067172052,713.683807799421,548.512341267627
"Invest...security..admin...support.services.n.e.c.",52587.7263210806,49170.4465837023,48641.6093052046,48064.5846341031,47244.6337145834,47755.9845558801,45942.4947994435,46234.9721787152,45784.7101213105,45288.3356344734,45075.4727264929,44048.2430839673,42881.5080463575,43105.4586570431,41617.1988909178,38988.1186751506,39187.7174120757,37361.3471354583,35570.5184083287,32955.4707990699,31993.9696058017,28694.5701579071,26250.3038967968,23336.892419147,20026.656921896,15349.8683136026,11718.8137127663
"Public.administration.and.defence.services",16891.6732176904,15783.2076522441,15614.668932097,15423.7163537823,15156.4571844543,15331.6581077221,14738.8020141798,14837.0953137516,14688.2096359791,14529.5902065291,14457.9369571842,14132.1550890593,13752.1079808459,13827.0148432655,13348.731660122,12486.9958789684,12558.7965500473,11968.1728467977,11381.7034474823,10537.4717571799,10224.6196556459,9157.09769660037,8366.55779625138,7428.0435220059,6350.42003757787,4840.30420173111,3669.74915008939
"Compulsory.social.security.services",263.467762392991,246.178477995045,243.549696411274,240.571314821517,236.402741678147,239.135436931464,229.888367894925,231.421496991294,229.099253607258,226.625188095175,225.507577007761,220.426196453157,214.498414171646,215.666773467686,208.206754650779,194.765836447558,195.885746944505,186.673497600936,177.526044985778,164.358146724976,159.478438120101,142.827771354861,130.497330436243,115.858860189828,99.0506349485862,75.4966130883902,57.2388883361219
"Education.services",10300.7080014088,9641.43400183329,9536.60587743413,9428.8176150045,9271.83572555808,9361.7686799573,9016.21279313729,9069.4418728036,8985.22281074862,8887.22797854416,8848.59669350293,8643.48742353266,8419.88414861279,8460.97483324889,8169.68378810033,7670.82220979407,7702.73778438209,7348.708851858,7008.42518652602,6500.17189455182,6315.58098252026,5676.52052194954,5202.80735341605,4634.65927703625,3999.66094183656,3090.95482505127,2383.66364496855
"Human.health.services",19099.0450533785,17868.5090122369,17675.1437928824,17471.0615993993,17177.0664519817,17352.0703882622,16703.5589240602,16805.5304148246,16646.1663918623,16465.0881069919,16390.9875604303,16013.831024629,15595.2563220815,15673.6848788391,15133.4069288821,14195.4390382876,14260.4106444514,13600.9907409787,12961.5821399015,12015.9982141188,11670.7171094051,10479.9813535247,9597.56187512159,8542.0961264359,7353.90097736503,5663.07880534368,4348.46987455121
"Residential.care.and.social.work.services",19715.5794623368,18445.4359601787,18245.814548511,18035.2042657773,17731.7601535764,17912.2964513273,17242.9609247445,17348.1777331603,17183.7147536559,16996.7823347774,16920.3247752402,16530.9487175438,16098.9184330936,16179.8470021658,15622.1309564141,14654.0688115956,14721.0556728527,14040.3915583832,13380.4622706857,12404.3994630011,12048.0151781859,10818.9238699583,9908.07695231645,8818.56863663099,7592.17064435412,5846.85142500953,4489.85085682731
"Arts..culture.and.gambling.services",4230.70793773077,3958.0248935834,3915.20430939465,3869.94431216683,3804.78359297611,3843.6527721567,3699.90069620329,3722.52984133874,3687.18828566596,3647.08463616649,3630.63936901706,3547.13326542271,3454.36322773637,3471.7643048864,3352.08285041119,3144.1469352202,3158.61161199221,3012.50327465375,2870.75919113509,2661.25886770099,2584.73639962657,2320.89874028392,2125.37924087634,1891.55321528037,1628.21585425288,1253.60045531601,962.35614790315
"Sporting..amusement.and.recreation.services",2999.51044589796,2805.81405480096,2775.5001566536,2743.22044513135,2696.8901364437,2724.82090705581,2622.55026990991,2638.74210615895,2613.54040656369,2585.13546525966,2573.36426714614,2514.30186566554,2448.34933299641,2460.7876972857,2375.92710403168,2227.91581791956,2238.43299222739,2134.70882478547,2033.83142530337,1885.15380971588,1830.76390511406,1643.44368046977,1504.63858015722,1338.76736587632,1151.57626370786,885.710660911996,679.078690954171
"Services.of.membership.organisations",6814.5508265036,6368.86093530918,6300.68408477043,6224.42444656958,6117.14223173935,6186.30796022347,5948.56543187428,5987.61817457416,5928.14273007813,5864.03787749074,5835.58480013242,5703.57823885865,5550.9877289828,5580.79599392071,5387.87704202601,5042.61652084123,5070.51921434658,4832.79602282356,4597.7535009326,4257.75647194579,4132.09823811646,3702.50005275584,3384.32487312963,3006.07664194992,2573.3192482649,1965.18952665227,1493.54113667127
"Repair.of.data.processing.equipment.and.durables",1489.72852354327,1392.85228292688,1377.87975746609,1361.49720591254,1338.24410276573,1352.80084929515,1301.36044736962,1309.67405000179,1296.89123314816,1282.83503515922,1276.78370317616,1247.71093753673,1214.62492107842,1220.98835507991,1178.82671352367,1104.23715242987,1109.94130087789,1058.17729836161,1007.37306522547,933.265262203034,906.001445497086,812.48452854445,743.207146177218,660.657235235302,566.790437543622,434.253167535337,331.36364538531
"Other.personal.service.activities",13069.4858651904,12227.3247546552,12095.0177182964,11955.3098362479,11754.0911798727,11873.9525807331,11430.0756017707,11499.8968689404,11390.8027317635,11266.8987268825,11216.1599023398,10958.1119517305,10671.629900218,10725.3274006775,10355.6126083477,9713.59354328463,9758.12814865051,9306.84825032153,8869.19171806803,8222.08695107392,7985.77207133821,7170.87615830764,6566.98356522532,5844.70168018189,5031.48014071186,3874.37326416297,2974.74477391155
"Goods.a..services.of.private.households..non.spec.",24621.7872157099,23035.5694175825,22786.2723613548,22523.2518614088,22144.2959003759,22369.7585258304,21533.8593353998,21665.2592708305,21459.8697972949,21226.4193805756,21130.9354123994,20644.6634031081,20105.1226934477,20206.1902786624,19509.6869964983,18300.7232839765,18384.3797774248,17534.3328881689,16710.1806723975,15491.2253378161,15046.1550803323,13511.2052850362,12373.6947677773,11013.0630922133,9481.47684260301,7301.83619220856,5607.14700971674
